{"data":{"Year":[2000,2001,2002,2003,2004,2005,2006,2007,2008,2009,2010,2011,2012,2013,2014,2015,2016,2017,2018,2019,2020,2021,2022,2023,2024],"Series_ID":["520","520","520","520","520","520","520","520","520","520","520","520","520","520","520","520","520","520","520","520","520","520","520","520","520"],"Series":["Red list index total","Red list index total","Red list index total","Red list index total","Red list index total","Red list index total","Red list index total","Red list index total","Red list index total","Red list index total","Red list index total","Red list index total","Red list index total","Red list index total","Red list index total","Red list index total","Red list index total","Red list index total","Red list index total","Red list index total","Red list index total","Red list index total","Red list index total","Red list index total","Red list index total"],"Unit":["Index","Index","Index","Index","Index","Index","Index","Index","Index","Index","Index","Index","Index","Index","Index","Index","Index","Index","Index","Index","Index","Index","Index","Index","Index"],"Value":[0.90016,0.8966,0.89372,0.88984,0.88708,0.88343,0.88019,0.87698,0.87375,0.87106,0.86816,0.86459,0.86077,0.85775,0.85381,0.85067,0.84683,0.84282,0.83944,0.83637,0.83291,0.8286,0.82591,0.82248,0.81862]},"edges":{"From":["Series_ID"],"To":["Unit"]}}