{"data":{"Year":[2010,2011,2012,2013,2014,2015,2016,2017,2018,2019,2021],"Series":["Road traffic deaths","Road traffic deaths","Road traffic deaths","Road traffic deaths","Road traffic deaths","Road traffic deaths","Road traffic deaths","Road traffic deaths","Road traffic deaths","Road traffic deaths","Road traffic deaths"],"Unit":["Per 100,000 population","Per 100,000 population","Per 100,000 population","Per 100,000 population","Per 100,000 population","Per 100,000 population","Per 100,000 population","Per 100,000 population","Per 100,000 population","Per 100,000 population","Per 100,000 population"],"Value":[17.08342,16.84055,16.20149,16.28882,14.34594,14.08669,13.9015,13.89697,13.51195,12.59498,14.9]},"edges":[]}