{"Year":[2000,2001,2002,2003,2004,2005,2006,2007,2008,2009,2010,2011,2012,2013,2014,2015,2016,2017,2018,2019,2020],"Series_ID":["2562","2562","2562","2562","2562","2562","2562","2562","2562","2562","2562","2562","2562","2562","2562","2562","2562","2562","2562","2562","2562"],"Series":["Maternal mortality","Maternal mortality","Maternal mortality","Maternal mortality","Maternal mortality","Maternal mortality","Maternal mortality","Maternal mortality","Maternal mortality","Maternal mortality","Maternal mortality","Maternal mortality","Maternal mortality","Maternal mortality","Maternal mortality","Maternal mortality","Maternal mortality","Maternal mortality","Maternal mortality","Maternal mortality","Maternal mortality"],"Unit":["Deaths per 100 000 live births","Deaths per 100 000 live births","Deaths per 100 000 live births","Deaths per 100 000 live births","Deaths per 100 000 live births","Deaths per 100 000 live births","Deaths per 100 000 live births","Deaths per 100 000 live births","Deaths per 100 000 live births","Deaths per 100 000 live births","Deaths per 100 000 live births","Deaths per 100 000 live births","Deaths per 100 000 live births","Deaths per 100 000 live births","Deaths per 100 000 live births","Deaths per 100 000 live births","Deaths per 100 000 live births","Deaths per 100 000 live births","Deaths per 100 000 live births","Deaths per 100 000 live births","Deaths per 100 000 live births"],"Value":[311.8596,315.86011,325.42512,329.02558,309.73703,313.76992,322.94915,335.63656,291.5668,289.234,288.90088,262.31462,255.29237,232.9113,229.28949,207.54935,208.90027,209.7892,199.06436,189.81688,191.83874]}