{"Year":[2000,2001,2002,2003,2004,2005,2006,2007,2008,2009,2010,2011,2012,2013,2014,2015,2016,2017,2018,2019,2020,2021,2022,2023],"Series_ID":["2571","2571","2571","2571","2571","2571","2571","2571","2571","2571","2571","2571","2571","2571","2571","2571","2571","2571","2571","2571","2571","2571","2571","2571"],"Series":["Malaria incidence rate","Malaria incidence rate","Malaria incidence rate","Malaria incidence rate","Malaria incidence rate","Malaria incidence rate","Malaria incidence rate","Malaria incidence rate","Malaria incidence rate","Malaria incidence rate","Malaria incidence rate","Malaria incidence rate","Malaria incidence rate","Malaria incidence rate","Malaria incidence rate","Malaria incidence rate","Malaria incidence rate","Malaria incidence rate","Malaria incidence rate","Malaria incidence rate","Malaria incidence rate","Malaria incidence rate","Malaria incidence rate","Malaria incidence rate"],"Unit":["Per 1 000 population at risk","Per 1 000 population at risk","Per 1 000 population at risk","Per 1 000 population at risk","Per 1 000 population at risk","Per 1 000 population at risk","Per 1 000 population at risk","Per 1 000 population at risk","Per 1 000 population at risk","Per 1 000 population at risk","Per 1 000 population at risk","Per 1 000 population at risk","Per 1 000 population at risk","Per 1 000 population at risk","Per 1 000 population at risk","Per 1 000 population at risk","Per 1 000 population at risk","Per 1 000 population at risk","Per 1 000 population at risk","Per 1 000 population at risk","Per 1 000 population at risk","Per 1 000 population at risk","Per 1 000 population at risk","Per 1 000 population at risk"],"Value":[265.46299,253.32224,209.72828,218.88185,271.44,217.50063,220.87553,180.79021,165.35696,212.45174,142.32437,115.16534,155.6894,172.23918,190.67106,101.90155,135.85156,134.96989,139.53707,117.88396,150.78711,124.3399,163.66897,96.0]}